Model,F1-Score,Recall,AUC-ROC,Train_Time(s),Test_Time(s)
Random Forest,0.9373652982992999,0.937984496124031,0.9422672388405067,0.433521032333374,0.01247715950012207
Gradient Boosting,0.9395647445279063,0.9395348837209302,0.9511864192856241,1.1338889598846436,0.0026471614837646484
Naive Bayes,0.8004814623896758,0.8,0.8710400100971855,0.0027120113372802734,0.0008578300476074219
SVM (RBF),0.5077125213506767,0.6465116279069767,0.47083385922840676,0.46102094650268555,0.08573317527770996
XGBoost,0.9454798197626744,0.9457364341085271,0.9477891371113636,0.6064238548278809,0.003248929977416992
LightGBM,0.9454798197626744,0.9457364341085271,0.9510602044680044,2.1610841751098633,0.006296634674072266
Extra Trees,0.8552508826001681,0.8589147286821706,0.9249863267280912,0.3735361099243164,0.023485898971557617
CatBoost,0.9549235015743305,0.9550387596899225,0.9524275316588834,0.571998119354248,0.0010440349578857422
